Order_ID,Order_Date,Month,Quarter,Year,City,State,Region,Latitude,Longitude,Product_Category,Revenue_INR,Cost_INR,Delivery_Days,Customer_Rating,Num_Items,Return_Status
ORD00001,2023-12-01,December,Q4,2023,Delhi,Delhi,North,28.63376758816055,77.23199583774316,Personal Care,647.02,479.72,3,3.9,4,Returned
ORD00002,2023-04-29,April,Q2,2023,Mumbai,Maharashtra,West,19.100169350905755,72.90176581802342,Home & Kitchen,3845.63,2875.73,2,3.8,2,Returned
ORD00003,2023-01-12,January,Q1,2023,Delhi,Delhi,North,28.580596295419237,77.17169306074811,Snacks & Beverages,214.68,142.06,2,4.2,5,Not Returned
ORD00004,2023-12-10,December,Q4,2023,Mumbai,Maharashtra,West,19.09723232482005,72.88536516747142,Groceries,1652.79,1375.13,1,3.1,2,Not Returned
ORD00005,2023-02-26,February,Q1,2023,Jaipur,Rajasthan,North,26.91979123051921,75.80957783733258,Fashion,2648.17,2008.05,2,4.0,4,Not Returned
ORD00006,2023-01-13,January,Q1,2023,Bengaluru,Karnataka,South,12.936608466824115,77.63771600771572,Groceries,640.19,500.67,2,4.3,1,Not Returned
ORD00007,2024-11-02,November,Q4,2024,Mysuru,Karnataka,South,12.253588706996691,76.62668081667378,Snacks & Beverages,393.56,322.54,2,3.9,9,Not Returned
ORD00008,2023-08-17,August,Q3,2023,Bengaluru,Karnataka,South,12.928492643777275,77.59110941779169,Electronics,12162.9,7962.4,5,3.5,5,Not Returned
ORD00009,2023-03-30,March,Q1,2023,Chennai,Tamil Nadu,South,13.094971752389212,80.26709266905806,Fashion,2899.53,2603.8,1,3.5,10,Not Returned
ORD00010,2024-07-13,July,Q3,2024,Hyderabad,Telangana,South,17.376003610956605,78.45999977418597,Snacks & Beverages,632.34,530.36,1,3.8,6,Not Returned
ORD00011,2023-12-10,December,Q4,2023,Mysuru,Karnataka,South,12.298781448906,76.61321675945209,Groceries,202.63,149.07,3,4.0,8,Not Returned
ORD00012,2023-10-14,October,Q4,2023,Delhi,Delhi,North,28.615875921849206,77.22908469096987,Snacks & Beverages,165.12,110.58,4,3.7,6,Not Returned
ORD00013,2024-08-17,August,Q3,2024,Mysuru,Karnataka,South,12.289298287843499,76.68582182747326,Groceries,372.04,322.42,3,4.7,4,Not Returned
ORD00014,2024-12-18,December,Q4,2024,Pune,Maharashtra,West,18.49376112266383,73.90105546860302,Home & Kitchen,6722.44,5501.89,2,4.4,3,Not Returned
ORD00015,2023-06-09,June,Q2,2023,Lucknow,Uttar Pradesh,North,26.873733674871648,80.94139170769178,Groceries,390.18,307.31,2,4.4,8,Not Returned
ORD00016,2023-06-11,June,Q2,2023,Mumbai,Maharashtra,West,19.086330248654136,72.84920207894737,Groceries,1653.67,1362.54,3,4.4,6,Not Returned
ORD00017,2023-12-31,December,Q4,2023,Mysuru,Karnataka,South,12.341009660682374,76.67486013046219,Electronics,6245.54,5544.56,1,4.2,9,Not Returned
ORD00018,2024-04-18,April,Q2,2024,Hyderabad,Telangana,South,17.34116691844938,78.5147959993471,Groceries,383.43,268.99,1,3.7,4,Not Returned
ORD00019,2024-12-03,December,Q4,2024,Kolkata,West Bengal,East,22.524780018273862,88.3203472036047,Fashion,3262.4,2410.35,2,3.9,8,Not Returned
ORD00020,2023-05-06,May,Q2,2023,Mumbai,Maharashtra,West,19.083388419980672,72.90986854015323,Fashion,500.67,392.9,1,5.0,7,Not Returned
ORD00021,2024-03-12,March,Q1,2024,Kolkata,West Bengal,East,22.52606494437315,88.37581765488459,Snacks & Beverages,220.97,187.01,1,3.8,4,Not Returned
ORD00022,2024-07-17,July,Q3,2024,Ahmedabad,Gujarat,West,23.014423482119636,72.58566525256384,Home & Kitchen,4040.64,3547.96,2,5.0,9,Not Returned
ORD00023,2024-01-27,January,Q1,2024,Jaipur,Rajasthan,North,26.912639325554377,75.77613812745693,Groceries,1607.45,1302.39,2,2.7,3,Returned
ORD00024,2023-01-31,January,Q1,2023,Lucknow,Uttar Pradesh,North,26.895853132343056,80.94914322919655,Electronics,13488.59,9514.39,1,4.1,10,Not Returned
ORD00025,2023-09-11,September,Q3,2023,Delhi,Delhi,North,28.663539204850647,77.1809411586044,Groceries,1382.36,1152.01,3,4.2,7,Not Returned
ORD00026,2023-08-31,August,Q3,2023,Delhi,Delhi,North,28.655298000412856,77.16182065697272,Electronics,9091.53,6349.96,3,3.9,6,Not Returned
ORD00027,2024-07-30,July,Q3,2024,Lucknow,Uttar Pradesh,North,26.814255676766063,80.89999637412001,Electronics,14251.34,9845.19,3,4.7,1,Not Returned
ORD00028,2024-06-23,June,Q2,2024,Hyderabad,Telangana,South,17.415644541331,78.47077590442667,Groceries,1060.38,866.4,2,3.9,3,Not Returned
ORD00029,2023-01-23,January,Q1,2023,Pune,Maharashtra,West,18.506888985240874,73.81395316060602,Groceries,465.88,337.22,1,4.6,7,Not Returned
ORD00030,2023-11-27,November,Q4,2023,Pune,Maharashtra,West,18.549584252499987,73.90276621003687,Fashion,941.32,810.12,4,4.5,6,Not Returned
ORD00031,2024-09-20,September,Q3,2024,Jaipur,Rajasthan,North,26.931249843959897,75.75003483647235,Snacks & Beverages,650.89,549.48,2,4.2,1,Not Returned
ORD00032,2024-08-04,August,Q3,2024,Lucknow,Uttar Pradesh,North,26.893453168561592,80.9182895250437,Home & Kitchen,646.11,484.2,4,4.5,10,Returned
ORD00033,2023-12-06,December,Q4,2023,Ahmedabad,Gujarat,West,22.981372601257014,72.59229658131451,Electronics,11307.48,9503.95,5,4.6,6,Not Returned
ORD00034,2023-09-13,September,Q3,2023,Chennai,Tamil Nadu,South,13.104741358799698,80.22551474577334,Electronics,10551.05,8571.46,3,5.0,8,Not Returned
ORD00035,2024-05-19,May,Q2,2024,Delhi,Delhi,North,28.621705549093313,77.23482435435591,Home & Kitchen,7101.46,5767.75,2,4.5,4,Not Returned
ORD00036,2023-10-29,October,Q4,2023,Mumbai,Maharashtra,West,19.06018082011499,72.91649312677343,Groceries,236.14,197.11,1,3.1,3,Not Returned
ORD00037,2023-12-13,December,Q4,2023,Jaipur,Rajasthan,North,26.878899719476195,75.8262753270404,Groceries,1269.25,947.61,2,5.0,3,Returned
ORD00038,2023-07-14,July,Q3,2023,Pune,Maharashtra,West,18.524412543160665,73.8727597892713,Electronics,6434.56,4899.74,4,4.3,5,Not Returned
ORD00039,2024-08-08,August,Q3,2024,Bengaluru,Karnataka,South,13.003989730708316,77.60710909537093,Home & Kitchen,4577.44,3557.87,1,4.3,8,Not Returned
ORD00040,2023-06-24,June,Q2,2023,Bengaluru,Karnataka,South,12.933150892374183,77.6230876573067,Electronics,9753.76,6395.89,2,4.0,8,Not Returned
ORD00041,2023-04-04,April,Q2,2023,Davanagere,Karnataka,South,14.418861692469788,75.91577404228528,Fashion,3316.77,2663.76,2,3.7,5,Not Returned
ORD00042,2023-03-05,March,Q1,2023,Chennai,Tamil Nadu,South,13.099514117389763,80.30151801574041,Personal Care,311.58,226.17,1,4.3,7,Not Returned
ORD00043,2024-07-20,July,Q3,2024,Lucknow,Uttar Pradesh,North,26.89033614356132,80.95347142906313,Electronics,1384.26,1111.87,2,4.9,4,Not Returned
ORD00044,2023-02-05,February,Q1,2023,Mumbai,Maharashtra,West,19.093753488557603,72.88972731143494,Home & Kitchen,4215.97,2845.3,3,3.8,2,Not Returned
ORD00045,2023-06-21,June,Q2,2023,Ahmedabad,Gujarat,West,23.01603932455325,72.62112692267787,Electronics,14596.39,10186.6,1,2.4,3,Not Returned
ORD00046,2023-03-10,March,Q1,2023,Chennai,Tamil Nadu,South,13.118362418064626,80.27266881775421,Fashion,709.03,539.51,2,4.8,1,Not Returned
ORD00047,2024-06-19,June,Q2,2024,Lucknow,Uttar Pradesh,North,26.893183166470862,80.90622039978275,Personal Care,1194.36,1041.33,1,3.3,2,Not Returned
ORD00048,2024-07-02,July,Q3,2024,Mumbai,Maharashtra,West,19.091478767071354,72.88490232397986,Fashion,4436.64,3019.25,1,3.7,8,Returned
ORD00049,2023-05-28,May,Q2,2023,Chennai,Tamil Nadu,South,13.101751375417098,80.22562909755241,Home & Kitchen,5098.66,3720.99,2,3.0,8,Not Returned
ORD00050,2023-12-12,December,Q4,2023,Pune,Maharashtra,West,18.51956192133593,73.8763182844675,Groceries,1671.29,1377.54,1,4.8,2,Not Returned
ORD00051,2023-11-04,November,Q4,2023,Hyderabad,Telangana,South,17.399555481142766,78.45549356908926,Electronics,14626.18,11543.31,3,3.9,4,Not Returned
ORD00052,2024-05-11,May,Q2,2024,Kolkata,West Bengal,East,22.574126970260956,88.3297972442639,Snacks & Beverages,631.65,431.55,3,4.6,5,Not Returned
ORD00053,2024-06-20,June,Q2,2024,Kolkata,West Bengal,East,22.54754902613243,88.35954486671281,Electronics,13250.32,11829.39,1,4.6,6,Not Returned
ORD00054,2024-04-20,April,Q2,2024,Chennai,Tamil Nadu,South,13.0357563192382,80.25794667615354,Fashion,2674.09,1981.9,1,3.0,10,Not Returned
ORD00055,2024-07-18,July,Q3,2024,Ahmedabad,Gujarat,West,23.001006937643478,72.5600565670741,Personal Care,589.66,506.59,4,4.0,3,Not Returned
ORD00056,2024-10-24,October,Q4,2024,Hyderabad,Telangana,South,17.386328123375815,78.5231629930111,Electronics,3764.12,3193.17,3,3.1,1,Not Returned
ORD00057,2023-06-27,June,Q2,2023,Delhi,Delhi,North,28.66060244433684,77.22327403112902,Snacks & Beverages,520.8,467.62,1,4.2,7,Not Returned
ORD00058,2023-09-16,September,Q3,2023,Pune,Maharashtra,West,18.532760609618688,73.86514871558421,Home & Kitchen,2058.39,1697.07,2,3.5,1,Not Returned
ORD00059,2024-07-28,July,Q3,2024,Davanagere,Karnataka,South,14.513236096582176,75.93585947456147,Fashion,3342.51,2499.32,1,4.2,5,Not Returned
ORD00060,2023-11-02,November,Q4,2023,Mysuru,Karnataka,South,12.251477467439644,76.67513153600272,Snacks & Beverages,231.85,178.68,1,4.1,10,Not Returned
ORD00061,2023-05-24,May,Q2,2023,Pune,Maharashtra,West,18.509227492100546,73.81023190048265,Snacks & Beverages,604.9,445.3,5,4.0,10,Not Returned
ORD00062,2024-12-31,December,Q4,2024,Pune,Maharashtra,West,18.561052650550504,73.87388684759624,Snacks & Beverages,255.65,195.92,3,4.6,9,Not Returned
ORD00063,2024-07-25,July,Q3,2024,Delhi,Delhi,North,28.64019182183193,77.17730683570126,Snacks & Beverages,226.8,198.59,1,3.9,6,Not Returned
ORD00064,2023-08-17,August,Q3,2023,Hyderabad,Telangana,South,17.36813171369708,78.46275592354057,Fashion,3797.79,3126.45,3,5.0,5,Not Returned
ORD00065,2023-02-24,February,Q1,2023,Mumbai,Maharashtra,West,19.076047737449272,72.91444977546983,Home & Kitchen,6984.59,5267.12,4,5.0,7,Not Returned
ORD00066,2023-06-04,June,Q2,2023,Kolkata,West Bengal,East,22.579540358797345,88.40456209345061,Groceries,447.26,380.14,2,4.5,8,Not Returned
ORD00067,2023-03-24,March,Q1,2023,Mysuru,Karnataka,South,12.27315278622015,76.66551932812149,Electronics,7569.92,5618.71,1,4.0,3,Not Returned
ORD00068,2023-04-01,April,Q2,2023,Delhi,Delhi,North,28.60680254486004,77.20674002759407,Home & Kitchen,1383.49,1095.13,2,4.0,1,Returned
ORD00069,2024-01-18,January,Q1,2024,Hyderabad,Telangana,South,17.335412383397436,78.51006032409133,Snacks & Beverages,765.05,517.94,3,3.9,4,Not Returned
ORD00070,2023-05-13,May,Q2,2023,Pune,Maharashtra,West,18.476928702247026,73.81127183517383,Fashion,782.73,605.96,2,4.0,5,Not Returned
ORD00071,2024-06-20,June,Q2,2024,Jaipur,Rajasthan,North,26.898325088636664,75.7561426033891,Personal Care,572.97,388.48,5,3.3,7,Returned
ORD00072,2023-05-15,May,Q2,2023,Hyderabad,Telangana,South,17.347316198175097,78.50781100900959,Snacks & Beverages,247.83,221.69,2,5.0,1,Not Returned
ORD00073,2024-07-01,July,Q3,2024,Davanagere,Karnataka,South,14.419223505647293,75.88337898263393,Fashion,3228.73,2426.45,1,4.9,8,Not Returned
ORD00074,2024-04-30,April,Q2,2024,Jaipur,Rajasthan,North,26.863330454806327,75.77938714564269,Fashion,3598.78,3054.02,3,4.7,2,Not Returned
ORD00075,2024-09-12,September,Q3,2024,Chennai,Tamil Nadu,South,13.06097067681701,80.29917600661685,Personal Care,1081.02,859.73,4,3.2,8,Not Returned
ORD00076,2024-06-19,June,Q2,2024,Hyderabad,Telangana,South,17.351037359863078,78.49151387637284,Fashion,4873.66,3950.2,2,3.9,4,Not Returned
ORD00077,2023-08-29,August,Q3,2023,Ahmedabad,Gujarat,West,22.987414449266677,72.53040826735759,Fashion,312.87,229.05,4,4.5,9,Returned
ORD00078,2023-09-20,September,Q3,2023,Mysuru,Karnataka,South,12.272212502277103,76.5944080195813,Groceries,1359.81,1068.56,5,3.2,3,Not Returned
ORD00079,2024-11-24,November,Q4,2024,Chennai,Tamil Nadu,South,13.117899872507449,80.28703550274909,Fashion,1769.72,1266.0,1,4.0,3,Not Returned
ORD00080,2023-10-02,October,Q4,2023,Ahmedabad,Gujarat,West,22.990786942030365,72.56147775142807,Personal Care,1329.87,1165.98,3,3.8,8,Not Returned
ORD00081,2024-05-04,May,Q2,2024,Kolkata,West Bengal,East,22.52846463956652,88.4081466988,Snacks & Beverages,659.93,486.89,3,4.7,3,Returned
ORD00082,2024-08-05,August,Q3,2024,Lucknow,Uttar Pradesh,North,26.83255989148271,80.89908162295713,Home & Kitchen,5555.79,4748.45,2,4.6,3,Not Returned
ORD00083,2024-02-26,February,Q1,2024,Ahmedabad,Gujarat,West,23.024981791203864,72.59576238123226,Groceries,993.24,878.19,3,5.0,10,Not Returned
ORD00084,2024-06-15,June,Q2,2024,Davanagere,Karnataka,South,14.480571326284595,75.89665769948508,Fashion,2758.58,1999.57,1,4.1,6,Not Returned
ORD00085,2023-06-02,June,Q2,2023,Davanagere,Karnataka,South,14.430092737330174,75.9566845574776,Home & Kitchen,6776.65,5153.06,5,4.8,8,Not Returned
ORD00086,2023-11-25,November,Q4,2023,Mumbai,Maharashtra,West,19.04827065231688,72.89203173148233,Home & Kitchen,2230.78,1466.66,1,4.3,7,Not Returned
ORD00087,2024-03-30,March,Q1,2024,Mumbai,Maharashtra,West,19.07573733480665,72.89303730031384,Home & Kitchen,6489.59,5113.64,4,3.7,2,Not Returned
ORD00088,2024-07-16,July,Q3,2024,Bengaluru,Karnataka,South,12.983506615374639,77.57505979581036,Personal Care,100.24,87.94,2,4.1,9,Not Returned
ORD00089,2024-04-12,April,Q2,2024,Davanagere,Karnataka,South,14.470415084510606,75.93377579696771,Snacks & Beverages,765.25,619.21,1,4.1,8,Not Returned
ORD00090,2024-04-08,April,Q2,2024,Pune,Maharashtra,West,18.50453571145768,73.88968838856344,Snacks & Beverages,179.82,127.7,1,4.7,5,Not Returned
ORD00091,2023-04-19,April,Q2,2023,Pune,Maharashtra,West,18.481096150551952,73.86778517661388,Snacks & Beverages,132.04,113.42,1,3.8,4,Not Returned
ORD00092,2024-04-13,April,Q2,2024,Kolkata,West Bengal,East,22.59831493418103,88.31855003619091,Electronics,12456.04,10616.97,2,3.1,10,Not Returned
ORD00093,2024-11-05,November,Q4,2024,Ahmedabad,Gujarat,West,23.027822632890427,72.5646810379854,Home & Kitchen,4878.8,3775.95,5,5.0,10,Not Returned
ORD00094,2024-12-09,December,Q4,2024,Jaipur,Rajasthan,North,26.90114055792207,75.79735460218055,Electronics,8889.04,6376.79,1,4.0,6,Not Returned
ORD00095,2024-09-15,September,Q3,2024,Kolkata,West Bengal,East,22.56788457060814,88.32723718310162,Home & Kitchen,7360.92,5221.88,1,5.0,7,Not Returned
ORD00096,2023-11-03,November,Q4,2023,Mysuru,Karnataka,South,12.319481864839428,76.6447581562881,Personal Care,1280.3,976.93,2,3.6,4,Not Returned
ORD00097,2023-10-25,October,Q4,2023,Lucknow,Uttar Pradesh,North,26.814481269925754,80.95044914784306,Snacks & Beverages,580.63,388.85,1,3.6,6,Not Returned
ORD00098,2024-05-06,May,Q2,2024,Pune,Maharashtra,West,18.537824348553915,73.89608660013779,Personal Care,915.93,608.48,3,2.4,9,Not Returned
ORD00099,2024-06-19,June,Q2,2024,Kolkata,West Bengal,East,22.601153219259484,88.4122532393624,Groceries,391.65,315.19,1,4.4,5,Not Returned
ORD00100,2023-10-30,October,Q4,2023,Bengaluru,Karnataka,South,12.966859450452388,77.60621088337602,Snacks & Beverages,242.8,185.67,2,4.2,9,Not Returned
ORD00101,2024-07-28,July,Q3,2024,Mysuru,Karnataka,South,12.250497988127533,76.62755826280977,Snacks & Beverages,372.22,287.45,3,3.7,7,Not Returned
ORD00102,2024-07-19,July,Q3,2024,Davanagere,Karnataka,South,14.501284996131751,75.95784447384933,Fashion,552.87,394.79,1,3.1,8,Not Returned
ORD00103,2024-12-27,December,Q4,2024,Davanagere,Karnataka,South,14.510828982312603,75.90121777218046,Snacks & Beverages,553.34,393.55,2,3.2,3,Not Returned
ORD00104,2023-06-27,June,Q2,2023,Mumbai,Maharashtra,West,19.053911224630923,72.85412395953094,Electronics,11158.65,9709.83,1,3.4,3,Not Returned
ORD00105,2023-12-05,December,Q4,2023,Chennai,Tamil Nadu,South,13.11006609498589,80.2832366662559,Groceries,1039.4,691.85,1,4.7,5,Not Returned
ORD00106,2024-01-02,January,Q1,2024,Lucknow,Uttar Pradesh,North,26.89239877176275,80.94826062873318,Personal Care,202.03,146.08,2,3.6,9,Not Returned
ORD00107,2024-02-18,February,Q1,2024,Jaipur,Rajasthan,North,26.884244528578453,75.81256556895545,Personal Care,228.72,193.2,1,3.7,9,Not Returned
ORD00108,2023-01-10,January,Q1,2023,Jaipur,Rajasthan,North,26.92662643558212,75.82916072991873,Snacks & Beverages,180.31,146.68,1,4.5,4,Not Returned
ORD00109,2024-01-26,January,Q1,2024,Davanagere,Karnataka,South,14.50553359266286,75.954010906424,Fashion,4604.88,3056.5,2,3.5,6,Not Returned
ORD00110,2024-05-13,May,Q2,2024,Jaipur,Rajasthan,North,26.913789470012745,75.83212118196484,Home & Kitchen,733.27,495.27,1,3.9,3,Not Returned
ORD00111,2023-01-08,January,Q1,2023,Jaipur,Rajasthan,North,26.94596650777454,75.75785795679819,Personal Care,977.71,828.42,2,4.2,7,Not Returned
ORD00112,2024-12-03,December,Q4,2024,Mumbai,Maharashtra,West,19.03475208979342,72.83312680708914,Snacks & Beverages,207.63,163.03,2,4.9,5,Not Returned
ORD00113,2023-09-22,September,Q3,2023,Lucknow,Uttar Pradesh,North,26.80853057616266,80.89678989274609,Electronics,6410.68,5046.61,2,3.8,10,Returned
ORD00114,2023-02-16,February,Q1,2023,Mysuru,Karnataka,South,12.256413554186997,76.66808918976625,Personal Care,1081.23,953.49,4,4.5,5,Not Returned
ORD00115,2024-01-26,January,Q1,2024,Chennai,Tamil Nadu,South,13.0717992565429,80.30044846128335,Home & Kitchen,3402.86,2500.49,2,3.7,9,Not Returned
ORD00116,2023-11-02,November,Q4,2023,Davanagere,Karnataka,South,14.487332457661584,75.90911305149004,Electronics,10320.69,6929.91,3,3.9,1,Not Returned
ORD00117,2023-05-07,May,Q2,2023,Jaipur,Rajasthan,North,26.883405289069042,75.81144304830399,Electronics,1105.71,836.82,2,3.8,6,Not Returned
ORD00118,2023-05-26,May,Q2,2023,Davanagere,Karnataka,South,14.433832621534632,75.88993579847737,Personal Care,325.34,274.85,3,3.9,10,Not Returned
ORD00119,2024-10-22,October,Q4,2024,Jaipur,Rajasthan,North,26.911119041013375,75.77038509316827,Home & Kitchen,4577.45,3787.09,1,4.8,3,Not Returned
ORD00120,2023-10-19,October,Q4,2023,Hyderabad,Telangana,South,17.380064597821494,78.49833424302595,Groceries,1315.13,887.67,2,4.6,5,Not Returned
ORD00121,2024-08-03,August,Q3,2024,Delhi,Delhi,North,28.58605257042065,77.23298162159386,Personal Care,610.29,501.0,2,4.5,7,Not Returned
ORD00122,2024-11-26,November,Q4,2024,Pune,Maharashtra,West,18.50627416021136,73.83724717964454,Electronics,11128.11,7573.0,2,4.0,9,Returned
ORD00123,2023-03-25,March,Q1,2023,Davanagere,Karnataka,South,14.50303358320789,75.87944623785573,Personal Care,1278.51,876.19,1,3.5,2,Not Returned
ORD00124,2023-02-01,February,Q1,2023,Jaipur,Rajasthan,North,26.883676068617632,75.74096563093036,Snacks & Beverages,668.85,505.17,3,3.9,5,Not Returned
ORD00125,2024-10-31,October,Q4,2024,Jaipur,Rajasthan,North,26.891499916021438,75.78377011421705,Home & Kitchen,6291.5,5086.96,1,4.1,9,Returned
ORD00126,2023-01-11,January,Q1,2023,Pune,Maharashtra,West,18.531803597656012,73.82328435520321,Personal Care,1027.75,707.1,3,3.0,9,Not Returned
ORD00127,2024-08-02,August,Q3,2024,Delhi,Delhi,North,28.59977955388458,77.1808819117259,Electronics,14256.32,10480.49,5,3.9,8,Not Returned
ORD00128,2023-08-28,August,Q3,2023,Chennai,Tamil Nadu,South,13.068825136455963,80.26766742290103,Fashion,501.2,425.17,4,3.3,8,Not Returned
ORD00129,2023-11-28,November,Q4,2023,Bengaluru,Karnataka,South,12.979463143492007,77.60161601518233,Snacks & Beverages,172.26,113.33,2,3.9,7,Not Returned
ORD00130,2024-10-31,October,Q4,2024,Pune,Maharashtra,West,18.567667410835057,73.82898992545334,Personal Care,1357.52,1195.35,1,5.0,7,Not Returned
ORD00131,2024-05-08,May,Q2,2024,Pune,Maharashtra,West,18.521854127314295,73.834780950835,Home & Kitchen,7142.51,6416.48,4,3.6,3,Not Returned
ORD00132,2023-05-02,May,Q2,2023,Pune,Maharashtra,West,18.481733869756397,73.87422294263156,Personal Care,1025.55,816.69,2,4.2,8,Not Returned
ORD00133,2024-02-25,February,Q1,2024,Delhi,Delhi,North,28.56781908652395,77.21622692992305,Snacks & Beverages,115.71,102.89,2,4.4,1,Not Returned
ORD00134,2024-02-20,February,Q1,2024,Delhi,Delhi,North,28.63585472995041,77.22517450626292,Personal Care,939.1,712.87,1,4.7,5,Not Returned
ORD00135,2024-09-13,September,Q3,2024,Hyderabad,Telangana,South,17.41446160702605,78.51874531801305,Home & Kitchen,7945.1,5427.89,1,4.4,3,Not Returned
ORD00136,2023-06-21,June,Q2,2023,Jaipur,Rajasthan,North,26.921459599093232,75.76028137871788,Fashion,3703.68,3016.03,2,3.3,7,Not Returned
ORD00137,2024-06-19,June,Q2,2024,Bengaluru,Karnataka,South,12.969186918548948,77.60607481694804,Electronics,12964.08,10033.03,2,4.2,1,Not Returned
ORD00138,2023-05-01,May,Q2,2023,Jaipur,Rajasthan,North,26.916328598633054,75.73742002058101,Personal Care,230.47,169.43,4,4.2,7,Not Returned
ORD00139,2024-12-15,December,Q4,2024,Pune,Maharashtra,West,18.529304808614118,73.88083940422823,Groceries,1153.67,972.12,3,4.1,10,Returned
ORD00140,2024-05-03,May,Q2,2024,Delhi,Delhi,North,28.62372923498509,77.21337310219455,Fashion,3899.54,2622.36,1,3.4,5,Not Returned
ORD00141,2023-01-08,January,Q1,2023,Mysuru,Karnataka,South,12.277390171462926,76.62562697897745,Snacks & Beverages,504.59,439.27,1,3.5,3,Not Returned
ORD00142,2023-09-25,September,Q3,2023,Lucknow,Uttar Pradesh,North,26.824256054287996,80.96426057050635,Fashion,4318.39,3429.28,2,3.2,4,Not Returned
ORD00143,2023-07-03,July,Q3,2023,Jaipur,Rajasthan,North,26.93294946079711,75.81087824306046,Home & Kitchen,3213.62,2446.44,1,3.8,2,Not Returned
ORD00144,2023-06-15,June,Q2,2023,Ahmedabad,Gujarat,West,23.052585373335017,72.58280253670294,Snacks & Beverages,170.2,131.55,3,4.5,1,Not Returned
ORD00145,2023-04-04,April,Q2,2023,Davanagere,Karnataka,South,14.451483512604266,75.9327028861208,Groceries,1681.86,1315.35,2,4.4,7,Not Returned
ORD00146,2024-11-02,November,Q4,2024,Kolkata,West Bengal,East,22.61717158578456,88.39592287344283,Personal Care,829.41,598.92,2,4.2,8,Not Returned
ORD00147,2024-06-14,June,Q2,2024,Hyderabad,Telangana,South,17.351948289181312,78.44030611331443,Snacks & Beverages,300.2,267.66,2,3.6,4,Not Returned
ORD00148,2023-10-10,October,Q4,2023,Delhi,Delhi,North,28.62250801652097,77.21077427009894,Groceries,1603.41,1301.52,2,4.0,2,Not Returned
ORD00149,2024-07-26,July,Q3,2024,Jaipur,Rajasthan,North,26.881852519308598,75.83027138408121,Fashion,4600.54,3740.13,5,3.9,10,Returned
ORD00150,2024-06-02,June,Q2,2024,Delhi,Delhi,North,28.65860154651777,77.23929422425724,Home & Kitchen,1209.13,1066.34,1,4.8,5,Not Returned
ORD00151,2024-12-11,December,Q4,2024,Lucknow,Uttar Pradesh,North,26.87425988050911,80.96435946732515,Fashion,2381.01,1918.45,2,4.0,10,Not Returned
ORD00152,2023-09-22,September,Q3,2023,Ahmedabad,Gujarat,West,23.040191297606512,72.54439301385891,Groceries,321.6,238.49,5,4.5,6,Not Returned
ORD00153,2024-07-02,July,Q3,2024,Pune,Maharashtra,West,18.55250746894925,73.81430288205337,Personal Care,113.61,78.61,1,4.7,3,Not Returned
ORD00154,2024-08-10,August,Q3,2024,Pune,Maharashtra,West,18.561392745898786,73.85659993403637,Electronics,4401.6,2919.23,3,4.5,4,Not Returned
ORD00155,2023-07-31,July,Q3,2023,Hyderabad,Telangana,South,17.346987849265478,78.44454875726387,Fashion,1377.28,952.07,3,3.4,8,Not Returned
ORD00156,2024-05-08,May,Q2,2024,Jaipur,Rajasthan,North,26.95049872485474,75.79475193799493,Groceries,868.15,712.88,4,4.8,5,Not Returned
ORD00157,2024-02-12,February,Q1,2024,Jaipur,Rajasthan,North,26.916476794559184,75.78754752121218,Fashion,1343.84,1015.72,1,4.2,7,Not Returned
ORD00158,2023-05-04,May,Q2,2023,Delhi,Delhi,North,28.565081997861046,77.18007523857015,Home & Kitchen,5706.66,4479.63,3,3.3,10,Returned
ORD00159,2023-09-23,September,Q3,2023,Pune,Maharashtra,West,18.488791367419637,73.8490942880411,Personal Care,362.01,302.02,1,4.5,7,Not Returned
ORD00160,2024-02-15,February,Q1,2024,Pune,Maharashtra,West,18.527989272920795,73.82955667494997,Fashion,1614.26,1380.24,1,3.9,2,Not Returned
ORD00161,2024-03-18,March,Q1,2024,Hyderabad,Telangana,South,17.33597422910974,78.47885206690103,Personal Care,1298.83,1105.28,3,4.0,3,Not Returned
ORD00162,2024-06-30,June,Q2,2024,Davanagere,Karnataka,South,14.47061384520717,75.92858345192053,Personal Care,1108.78,780.21,2,3.3,7,Returned
ORD00163,2023-08-09,August,Q3,2023,Delhi,Delhi,North,28.599996202105512,77.21503500348143,Groceries,1664.87,1300.04,2,3.5,5,Not Returned
ORD00164,2023-12-26,December,Q4,2023,Kolkata,West Bengal,East,22.580189445747337,88.37881309518995,Groceries,1761.26,1161.06,1,4.2,3,Not Returned
ORD00165,2023-11-29,November,Q4,2023,Chennai,Tamil Nadu,South,13.06135235765558,80.28387121904835,Fashion,3464.01,2695.44,3,4.5,3,Not Returned
ORD00166,2024-03-07,March,Q1,2024,Davanagere,Karnataka,South,14.421534407817655,75.8879999488947,Fashion,3266.99,2473.41,3,3.6,4,Not Returned
ORD00167,2024-12-28,December,Q4,2024,Davanagere,Karnataka,South,14.450716484025042,75.9304919773526,Fashion,1557.12,1150.46,1,2.9,8,Not Returned
ORD00168,2023-05-09,May,Q2,2023,Delhi,Delhi,North,28.63396969284247,77.16700647378755,Groceries,1509.99,1109.08,4,4.4,3,Not Returned
ORD00169,2024-04-29,April,Q2,2024,Mumbai,Maharashtra,West,19.0522452264265,72.84322743620002,Groceries,1187.18,1060.64,2,4.0,7,Not Returned
ORD00170,2023-10-18,October,Q4,2023,Hyderabad,Telangana,South,17.35206079842789,78.44021549808946,Snacks & Beverages,410.21,356.23,2,3.8,6,Not Returned
ORD00171,2024-04-23,April,Q2,2024,Pune,Maharashtra,West,18.540162287690702,73.82440366399797,Home & Kitchen,7809.86,5973.4,1,2.5,10,Not Returned
ORD00172,2024-07-31,July,Q3,2024,Mysuru,Karnataka,South,12.336692315169548,76.63756516827021,Snacks & Beverages,404.48,299.34,2,4.5,4,Not Returned
ORD00173,2024-01-10,January,Q1,2024,Ahmedabad,Gujarat,West,22.986130045461568,72.55007622484952,Fashion,2237.36,1926.52,1,3.0,9,Returned
ORD00174,2023-11-03,November,Q4,2023,Ahmedabad,Gujarat,West,22.995621539351916,72.52212179850058,Home & Kitchen,469.41,371.96,1,3.9,6,Not Returned
ORD00175,2024-02-09,February,Q1,2024,Jaipur,Rajasthan,North,26.870320973317504,75.79983230142561,Home & Kitchen,2299.21,1658.34,2,4.2,9,Not Returned
ORD00176,2024-12-02,December,Q4,2024,Lucknow,Uttar Pradesh,North,26.823582202485877,80.91500006257705,Snacks & Beverages,290.31,214.22,2,3.6,2,Not Returned
ORD00177,2024-10-14,October,Q4,2024,Chennai,Tamil Nadu,South,13.047914930511737,80.31767162176294,Groceries,1019.62,802.25,3,3.5,1,Not Returned
ORD00178,2023-10-03,October,Q4,2023,Mumbai,Maharashtra,West,19.03501969831488,72.82917248468816,Fashion,887.68,701.62,1,4.0,4,Not Returned
ORD00179,2024-01-16,January,Q1,2024,Chennai,Tamil Nadu,South,13.03830383444019,80.29826529107126,Home & Kitchen,3924.0,2755.21,2,4.8,2,Not Returned
ORD00180,2023-09-14,September,Q3,2023,Delhi,Delhi,North,28.64071456708512,77.18389623605073,Electronics,12350.14,8557.87,1,2.8,8,Not Returned
ORD00181,2024-04-16,April,Q2,2024,Bengaluru,Karnataka,South,13.017721389651381,77.63822152466406,Electronics,11162.18,9783.76,3,4.2,3,Not Returned
ORD00182,2024-07-16,July,Q3,2024,Bengaluru,Karnataka,South,12.94147236318024,77.63335195760435,Snacks & Beverages,464.65,388.76,2,4.6,4,Not Returned
ORD00183,2024-03-20,March,Q1,2024,Hyderabad,Telangana,South,17.335892985588934,78.4408993369021,Snacks & Beverages,327.16,280.76,1,4.8,8,Not Returned
ORD00184,2023-04-02,April,Q2,2023,Delhi,Delhi,North,28.59774220967505,77.25596517064942,Fashion,1468.99,1138.5,3,4.7,1,Returned
ORD00185,2024-12-19,December,Q4,2024,Davanagere,Karnataka,South,14.478864597967787,75.90653177388722,Electronics,8277.12,7227.18,2,3.7,8,Not Returned
ORD00186,2024-01-22,January,Q1,2024,Bengaluru,Karnataka,South,12.970130213316251,77.58835000041651,Snacks & Beverages,350.72,303.83,4,4.7,5,Not Returned
ORD00187,2024-08-03,August,Q3,2024,Ahmedabad,Gujarat,West,23.063947400197804,72.5768520310166,Electronics,3206.09,2606.82,3,3.8,2,Not Returned
ORD00188,2023-09-27,September,Q3,2023,Ahmedabad,Gujarat,West,23.023095773293857,72.59476577414388,Fashion,2845.55,2237.97,3,5.0,1,Not Returned
ORD00189,2023-09-02,September,Q3,2023,Pune,Maharashtra,West,18.538722418255766,73.883273409551,Personal Care,548.97,485.38,5,4.2,3,Not Returned
ORD00190,2024-10-18,October,Q4,2024,Pune,Maharashtra,West,18.474777726342673,73.90047995366587,Home & Kitchen,2847.38,2494.12,3,3.6,3,Not Returned
ORD00191,2024-05-12,May,Q2,2024,Hyderabad,Telangana,South,17.39739704839983,78.49573009120817,Groceries,544.91,486.08,2,3.5,1,Not Returned
ORD00192,2023-03-14,March,Q1,2023,Lucknow,Uttar Pradesh,North,26.889540371943834,80.97940776975152,Snacks & Beverages,109.16,73.11,3,4.4,8,Not Returned
ORD00193,2024-07-25,July,Q3,2024,Bengaluru,Karnataka,South,12.983293332542342,77.59750208312917,Fashion,3794.34,2570.26,3,4.1,2,Not Returned
ORD00194,2024-06-15,June,Q2,2024,Mumbai,Maharashtra,West,19.044946041310666,72.88031920217938,Electronics,1908.23,1371.46,2,3.8,4,Not Returned
ORD00195,2024-07-25,July,Q3,2024,Delhi,Delhi,North,28.630424235477356,77.24728240193733,Personal Care,681.26,595.16,2,3.6,3,Not Returned
ORD00196,2024-05-31,May,Q2,2024,Jaipur,Rajasthan,North,26.90670121699983,75.77253240752704,Home & Kitchen,2965.1,2551.34,5,4.5,6,Not Returned
ORD00197,2024-02-27,February,Q1,2024,Pune,Maharashtra,West,18.49179281360437,73.88327082196344,Fashion,3891.67,3083.58,3,3.4,5,Not Returned
ORD00198,2024-02-11,February,Q1,2024,Ahmedabad,Gujarat,West,22.974130244789727,72.53490857093439,Home & Kitchen,401.49,357.86,1,3.5,5,Returned
ORD00199,2023-11-19,November,Q4,2023,Hyderabad,Telangana,South,17.39063230855068,78.52929224502117,Electronics,814.67,565.8,3,3.9,3,Returned
ORD00200,2023-06-09,June,Q2,2023,Ahmedabad,Gujarat,West,22.995799414855423,72.60250742367826,Fashion,950.52,768.24,2,4.8,2,Not Returned
ORD00201,2023-03-21,March,Q1,2023,Lucknow,Uttar Pradesh,North,26.854323246177668,80.98696556421471,Electronics,10991.92,7713.84,1,4.4,10,Not Returned
ORD00202,2024-08-13,August,Q3,2024,Bengaluru,Karnataka,South,12.955038964447327,77.63257925026502,Snacks & Beverages,367.08,258.78,4,3.2,7,Not Returned
ORD00203,2024-10-30,October,Q4,2024,Mumbai,Maharashtra,West,19.07843833515136,72.8596316540211,Electronics,12817.43,8559.95,2,3.9,10,Not Returned
ORD00204,2023-08-15,August,Q3,2023,Jaipur,Rajasthan,North,26.95950402447404,75.81258402030106,Snacks & Beverages,207.24,151.61,5,3.9,10,Not Returned
ORD00205,2023-10-24,October,Q4,2023,Hyderabad,Telangana,South,17.389815240501758,78.46295579765817,Home & Kitchen,6376.4,5502.81,2,3.0,7,Not Returned
ORD00206,2023-05-19,May,Q2,2023,Mysuru,Karnataka,South,12.302933068290427,76.64551676098108,Electronics,7473.38,6355.91,2,4.1,9,Not Returned
ORD00207,2024-03-16,March,Q1,2024,Mumbai,Maharashtra,West,19.060830785684654,72.85977383628527,Fashion,1820.03,1217.54,1,3.7,10,Not Returned
ORD00208,2023-12-25,December,Q4,2023,Chennai,Tamil Nadu,South,13.047281847519029,80.22518775509315,Electronics,9435.2,6156.09,2,3.4,4,Not Returned
ORD00209,2023-03-29,March,Q1,2023,Pune,Maharashtra,West,18.552413395642997,73.80807332926935,Electronics,2129.39,1887.42,4,5.0,2,Not Returned
ORD00210,2023-12-06,December,Q4,2023,Ahmedabad,Gujarat,West,23.024826588146652,72.54726580034256,Groceries,576.22,441.1,1,3.5,8,Not Returned
ORD00211,2024-12-16,December,Q4,2024,Delhi,Delhi,North,28.569911004957568,77.17906960570006,Snacks & Beverages,567.78,457.54,4,3.5,10,Not Returned
ORD00212,2023-01-09,January,Q1,2023,Ahmedabad,Gujarat,West,23.06378687803455,72.55742191423198,Snacks & Beverages,146.62,107.75,3,3.9,2,Returned
ORD00213,2023-08-25,August,Q3,2023,Davanagere,Karnataka,South,14.474110640856296,75.88060206688228,Home & Kitchen,7846.43,6064.23,3,4.6,4,Not Returned
ORD00214,2024-12-30,December,Q4,2024,Ahmedabad,Gujarat,West,23.005856963463078,72.56073998178273,Personal Care,130.08,109.03,2,3.6,3,Returned
ORD00215,2023-12-30,December,Q4,2023,Davanagere,Karnataka,South,14.476979236371577,75.95966772741912,Fashion,3238.59,2723.49,5,2.9,1,Not Returned
ORD00216,2023-06-05,June,Q2,2023,Chennai,Tamil Nadu,South,13.105688966392135,80.27277178440735,Electronics,5455.9,4374.48,1,4.0,10,Not Returned
ORD00217,2024-03-03,March,Q1,2024,Davanagere,Karnataka,South,14.468623375120588,75.8924757274661,Electronics,3985.23,3434.52,5,4.5,3,Not Returned
ORD00218,2023-05-22,May,Q2,2023,Davanagere,Karnataka,South,14.42792524938439,75.97136858002321,Electronics,4980.48,3604.45,2,3.7,3,Not Returned
ORD00219,2023-11-22,November,Q4,2023,Lucknow,Uttar Pradesh,North,26.811252283083704,80.89914833463835,Electronics,1483.3,1137.33,3,4.5,6,Not Returned
ORD00220,2023-11-07,November,Q4,2023,Kolkata,West Bengal,East,22.615925003041582,88.34127961646315,Home & Kitchen,3766.83,2510.81,4,5.0,4,Returned
ORD00221,2024-09-18,September,Q3,2024,Delhi,Delhi,North,28.566508449279713,77.16694754303109,Groceries,1310.5,981.04,2,3.6,8,Not Returned
ORD00222,2024-12-30,December,Q4,2024,Lucknow,Uttar Pradesh,North,26.844084692085914,80.91257863754724,Home & Kitchen,5336.72,4557.59,2,3.8,4,Returned
ORD00223,2024-02-27,February,Q1,2024,Bengaluru,Karnataka,South,13.017069906915447,77.58852852028245,Fashion,1346.0,985.49,1,4.1,10,Not Returned
ORD00224,2023-09-10,September,Q3,2023,Pune,Maharashtra,West,18.552832851478733,73.87872009134956,Home & Kitchen,3649.42,2576.29,2,4.4,7,Not Returned
ORD00225,2024-08-31,August,Q3,2024,Mysuru,Karnataka,South,12.291490042396642,76.67717669671357,Personal Care,850.62,629.16,3,4.3,4,Not Returned
ORD00226,2023-02-10,February,Q1,2023,Kolkata,West Bengal,East,22.527529544918128,88.34301793622342,Snacks & Beverages,490.39,378.08,2,4.1,7,Not Returned
ORD00227,2023-06-20,June,Q2,2023,Chennai,Tamil Nadu,South,13.115689350442665,80.26586980878297,Home & Kitchen,3610.71,2696.18,1,3.7,9,Returned
ORD00228,2024-07-13,July,Q3,2024,Lucknow,Uttar Pradesh,North,26.81458785789436,80.95523154752897,Snacks & Beverages,194.71,155.11,2,4.0,4,Not Returned
ORD00229,2023-11-28,November,Q4,2023,Mumbai,Maharashtra,West,19.037416493882407,72.87263984180248,Fashion,3551.07,2390.61,3,3.9,6,Returned
ORD00230,2024-06-07,June,Q2,2024,Mysuru,Karnataka,South,12.250190608346657,76.60648849810977,Home & Kitchen,5051.75,4344.63,2,3.7,6,Not Returned
ORD00231,2023-06-16,June,Q2,2023,Davanagere,Karnataka,South,14.491263042236094,75.91642582341491,Electronics,13097.87,11202.39,3,3.5,3,Returned
ORD00232,2023-01-04,January,Q1,2023,Delhi,Delhi,North,28.649441105641905,77.21335011596044,Electronics,9527.12,7971.55,2,4.2,1,Not Returned
ORD00233,2023-08-11,August,Q3,2023,Ahmedabad,Gujarat,West,22.996971317143863,72.57613416095832,Electronics,9038.5,7059.72,2,4.7,10,Not Returned
ORD00234,2023-07-09,July,Q3,2023,Hyderabad,Telangana,South,17.42038292872342,78.50339965429463,Groceries,466.86,343.93,1,4.4,10,Not Returned
ORD00235,2023-04-22,April,Q2,2023,Mumbai,Maharashtra,West,19.085496898630474,72.90643075795336,Groceries,950.52,813.11,3,3.3,3,Not Returned
ORD00236,2024-01-04,January,Q1,2024,Mysuru,Karnataka,South,12.282656942547508,76.62729393515905,Personal Care,1404.07,1230.97,1,3.4,2,Not Returned
ORD00237,2023-10-27,October,Q4,2023,Jaipur,Rajasthan,North,26.883384536927814,75.75820509803002,Groceries,1047.47,910.77,4,3.7,1,Returned
ORD00238,2024-06-25,June,Q2,2024,Mysuru,Karnataka,South,12.339189167478818,76.68802784423441,Snacks & Beverages,791.03,616.28,3,4.5,5,Not Returned
ORD00239,2024-06-22,June,Q2,2024,Pune,Maharashtra,West,18.543318474399936,73.85647411142924,Fashion,3003.17,2234.93,4,3.5,3,Not Returned
ORD00240,2023-10-25,October,Q4,2023,Hyderabad,Telangana,South,17.397546074238967,78.44849257239213,Snacks & Beverages,785.48,706.62,1,3.5,4,Not Returned
ORD00241,2023-02-16,February,Q1,2023,Kolkata,West Bengal,East,22.550762670325057,88.39291955028462,Home & Kitchen,2936.82,2231.68,2,4.4,5,Not Returned
ORD00242,2023-01-07,January,Q1,2023,Jaipur,Rajasthan,North,26.919292154079674,75.8333112825253,Fashion,835.03,681.95,2,4.0,3,Not Returned
ORD00243,2024-05-05,May,Q2,2024,Pune,Maharashtra,West,18.55960583267899,73.86039675449724,Snacks & Beverages,741.31,519.43,2,3.2,6,Not Returned
ORD00244,2023-02-27,February,Q1,2023,Kolkata,West Bengal,East,22.55415028414367,88.36748854757154,Snacks & Beverages,684.57,564.88,3,4.1,4,Not Returned
ORD00245,2023-03-09,March,Q1,2023,Pune,Maharashtra,West,18.554640577493583,73.86379816411562,Fashion,4857.18,4030.9,1,4.8,7,Not Returned
ORD00246,2024-12-23,December,Q4,2024,Mumbai,Maharashtra,West,19.034679778499196,72.91540487326208,Fashion,4331.75,3129.86,1,3.9,6,Not Returned
ORD00247,2024-06-21,June,Q2,2024,Chennai,Tamil Nadu,South,13.077077409298715,80.223193477463,Electronics,4883.62,4258.23,3,4.2,8,Not Returned
ORD00248,2023-12-15,December,Q4,2023,Delhi,Delhi,North,28.641453320919975,77.17332950479499,Electronics,13892.73,9959.56,2,2.7,2,Not Returned
ORD00249,2023-05-16,May,Q2,2023,Jaipur,Rajasthan,North,26.89349813178505,75.74170299636651,Snacks & Beverages,243.63,217.04,2,4.2,10,Not Returned
ORD00250,2023-02-17,February,Q1,2023,Pune,Maharashtra,West,18.472648026115863,73.88254938206684,Home & Kitchen,1183.58,838.51,3,3.8,4,Not Returned
